IID,CNUM5
234,0
234,0
234,0
234,0
234,0
234,0
234,0
234,0
234,0
235,3
235,3
235,3
235,3
235,3
235,3
235,3
235,3
235,3
236,3
236,3
236,3
236,3
236,3
236,3
236,3
236,3
236,3
237,3
237,3
237,3
237,3
237,3
237,3
237,3
237,3
237,3
238,3
238,3
238,3
238,3
238,3
238,3
238,3
238,3
238,3
239,1
239,1
239,1
239,1
239,1
239,1
239,1
239,1
239,1
240,1
240,1
240,1
240,1
240,1
240,1
240,1
240,1
240,1
241,2
241,2
241,2
241,2
241,2
241,2
241,2
241,2
241,2
242,0
242,0
242,0
242,0
242,0
242,0
242,0
242,0
242,0
243,0
243,0
243,0
243,0
243,0
243,0
243,0
243,0
243,0
244,1
244,1
244,1
244,1
244,1
244,1
244,1
244,1
244,1
245,5
245,5
245,5
245,5
245,5
245,5
245,5
245,5
245,5
246,22
246,22
246,22
246,22
246,22
246,22
246,22
246,22
246,22
247,4
247,4
247,4
247,4
247,4
247,4
247,4
247,4
247,4
248,0
248,0
248,0
248,0
248,0
248,0
248,0
248,0
248,0
249,0
249,0
249,0
249,0
249,0
249,0
249,0
249,0
249,0
250,0
250,0
250,0
250,0
250,0
250,0
250,0
250,0
250,0
251,3
251,3
251,3
251,3
251,3
251,3
251,3
251,3
251,3
252,3
252,3
252,3
252,3
252,3
252,3
252,3
252,3
252,3
252,3
252,3
252,3
252,3
252,3
252,3
252,3
252,3
252,3
252,3
252,3
252,3
253,8
253,8
253,8
253,8
253,8
253,8
253,8
253,8
253,8
253,8
253,8
253,8
253,8
253,8
253,8
253,8
253,8
253,8
253,8
253,8
253,8
254,20
254,20
254,20
254,20
254,20
254,20
254,20
254,20
254,20
254,20
254,20
254,20
254,20
254,20
254,20
254,20
254,20
254,20
254,20
254,20
254,20
255,3
255,3
255,3
255,3
255,3
255,3
255,3
255,3
255,3
255,3
255,3
255,3
255,3
255,3
255,3
255,3
255,3
255,3
255,3
255,3
255,3
256,1
256,1
256,1
256,1
256,1
256,1
256,1
256,1
256,1
256,1
256,1
256,1
256,1
256,1
256,1
256,1
256,1
256,1
256,1
256,1
256,1
257,5
257,5
257,5
257,5
257,5
257,5
257,5
257,5
257,5
257,5
257,5
257,5
257,5
257,5
257,5
257,5
257,5
257,5
257,5
257,5
257,5
258,4
258,4
258,4
258,4
258,4
258,4
258,4
258,4
258,4
258,4
258,4
258,4
258,4
258,4
258,4
258,4
258,4
258,4
258,4
258,4
258,4
259,3
259,3
259,3
259,3
259,3
259,3
259,3
259,3
259,3
259,3
259,3
259,3
259,3
259,3
259,3
259,3
259,3
259,3
259,3
259,3
259,3
260,0
260,0
260,0
260,0
260,0
260,0
260,0
260,0
260,0
260,0
260,0
260,0
260,0
260,0
260,0
260,0
260,0
260,0
260,0
260,0
260,0
261,3
261,3
261,3
261,3
261,3
261,3
261,3
261,3
261,3
261,3
261,3
261,3
261,3
261,3
261,3
261,3
261,3
261,3
261,3
261,3
261,3
262,4
262,4
262,4
262,4
262,4
262,4
262,4
262,4
262,4
262,4
262,4
262,4
262,4
262,4
262,4
262,4
262,4
262,4
262,4
262,4
262,4
263,3
263,3
263,3
263,3
263,3
263,3
263,3
263,3
263,3
263,3
263,3
263,3
263,3
263,3
263,3
263,3
263,3
263,3
263,3
263,3
263,3
264,16
264,16
264,16
264,16
264,16
264,16
264,16
264,16
264,16
264,16
264,16
264,16
264,16
264,16
264,16
264,16
264,16
264,16
264,16
264,16
264,16
265,5
265,5
265,5
265,5
265,5
265,5
265,5
265,5
265,5
265,5
265,5
265,5
265,5
265,5
265,5
265,5
265,5
265,5
265,5
265,5
265,5
266,21
266,21
266,21
266,21
266,21
266,21
266,21
266,21
266,21
266,21
266,21
266,21
266,21
266,21
266,21
266,21
266,21
266,21
266,21
266,21
266,21
267,4
267,4
267,4
267,4
267,4
267,4
267,4
267,4
267,4
267,4
267,4
267,4
267,4
267,4
267,4
267,4
267,4
267,4
267,4
267,4
267,4
268,11
268,11
268,11
268,11
268,11
268,11
268,11
268,11
268,11
268,11
268,11
268,11
268,11
268,11
268,11
268,11
268,11
268,11
268,11
268,11
268,11
269,5
269,5
269,5
269,5
269,5
269,5
269,5
269,5
269,5
269,5
269,5
269,5
269,5
269,5
269,5
269,5
269,5
269,5
269,5
269,5
269,5
270,3
270,3
270,3
270,3
270,3
270,3
270,3
270,3
270,3
270,3
270,3
270,3
270,3
270,3
270,3
270,3
270,3
270,3
270,3
270,3
270,3
271,5
271,5
271,5
271,5
271,5
271,5
271,5
271,5
271,5
271,5
271,5
271,5
271,5
271,5
271,5
271,5
271,5
271,5
271,5
271,5
271,5
272,16
272,16
272,16
272,16
272,16
272,16
272,16
272,16
272,16
272,16
272,16
272,16
272,16
272,16
272,16
272,16
272,16
272,16
272,16
272,16
272,16
273,22
273,22
273,22
273,22
273,22
273,22
273,22
273,22
273,22
273,22
273,22
273,22
273,22
273,22
273,22
273,22
273,22
273,22
273,22
273,22
273,22
274,21
274,21
274,21
274,21
274,21
274,21
274,21
274,21
274,21
274,21
274,21
274,21
274,21
274,21
274,21
274,21
274,21
274,21
274,21
274,21
274,21
275,14
275,14
275,14
275,14
275,14
275,14
275,14
275,14
275,14
275,14
275,14
275,14
275,14
275,14
275,14
275,14
275,14
275,14
275,14
275,14
275,14
276,0
276,0
276,0
276,0
276,0
276,0
276,0
276,0
276,0
276,0
276,0
276,0
276,0
276,0
276,0
276,0
276,0
276,0
276,0
276,0
276,0
277,6
277,6
277,6
277,6
277,6
277,6
277,6
277,6
277,6
277,6
277,6
277,6
277,6
277,6
277,6
277,6
277,6
277,6
277,6
277,6
277,6
278,0
278,0
278,0
278,0
278,0
278,0
278,0
278,0
278,0
278,0
278,0
278,0
278,0
278,0
278,0
278,0
278,0
278,0
278,0
278,0
278,0
279,11
279,11
279,11
279,11
279,11
279,11
279,11
279,11
279,11
279,11
279,11
279,11
279,11
279,11
279,11
279,11
279,11
279,11
279,11
279,11
279,11
280,18
280,18
280,18
280,18
280,18
280,18
280,18
280,18
280,18
280,18
280,18
280,18
280,18
280,18
280,18
280,18
280,18
280,18
280,18
280,18
280,18
281,0
281,0
281,0
281,0
281,0
281,0
281,0
281,0
281,0
281,0
281,0
281,0
281,0
281,0
281,0
281,0
281,0
281,0
281,0
281,0
281,0
282,0
282,0
282,0
282,0
282,0
282,0
282,0
282,0
282,0
282,0
282,0
282,0
282,0
282,0
282,0
282,0
282,0
282,0
282,0
282,0
282,0
283,7
283,7
283,7
283,7
283,7
283,7
283,7
283,7
283,7
283,7
283,7
283,7
283,7
283,7
283,7
283,7
283,7
283,7
283,7
283,7
283,7
284,0
284,0
284,0
284,0
284,0
284,0
284,0
284,0
284,0
284,0
284,0
284,0
284,0
284,0
284,0
284,0
284,0
284,0
284,0
284,0
284,0
285,16
285,16
285,16
285,16
285,16
285,16
285,16
285,16
285,16
285,16
285,16
285,16
285,16
285,16
285,16
285,16
285,16
285,16
285,16
285,16
285,16
286,3
286,3
286,3
286,3
286,3
286,3
286,3
286,3
286,3
286,3
286,3
286,3
286,3
286,3
286,3
286,3
286,3
286,3
286,3
286,3
286,3
287,8
287,8
287,8
287,8
287,8
287,8
287,8
287,8
287,8
287,8
287,8
287,8
287,8
287,8
287,8
287,8
287,8
287,8
287,8
287,8
287,8
288,0
288,0
288,0
288,0
288,0
288,0
288,0
288,0
288,0
288,0
288,0
288,0
288,0
288,0
288,0
288,0
288,0
288,0
288,0
288,0
288,0
289,4
289,4
289,4
289,4
289,4
289,4
289,4
289,4
289,4
289,4
289,4
289,4
289,4
289,4
289,4
289,4
289,4
289,4
289,4
289,4
289,4
290,14
290,14
290,14
290,14
290,14
290,14
290,14
290,14
290,14
290,14
290,14
290,14
290,14
290,14
290,14
290,14
290,14
290,14
290,14
290,14
290,14
291,0
291,0
291,0
291,0
291,0
291,0
291,0
291,0
291,0
291,0
291,0
291,0
291,0
291,0
291,0
291,0
291,0
291,0
291,0
291,0
291,0
292,0
292,0
292,0
292,0
292,0
292,0
292,0
292,0
292,0
292,0
292,0
292,0
292,0
292,0
292,0
292,0
292,0
292,0
292,0
292,0
292,0
293,0
293,0
293,0
293,0
293,0
293,0
293,0
293,0
293,0
293,0
293,0
293,0
293,0
293,0
293,0
293,0
293,0
293,0
293,0
293,0
293,0
294,5
294,5
294,5
294,5
294,5
294,5
294,5
294,5
294,5
294,5
294,5
294,5
294,5
294,5
295,3
295,3
295,3
295,3
295,3
295,3
295,3
295,3
295,3
295,3
295,3
295,3
295,3
295,3
296,5
296,5
296,5
296,5
296,5
296,5
296,5
296,5
296,5
296,5
296,5
296,5
296,5
296,5
297,0
297,0
297,0
297,0
297,0
297,0
297,0
297,0
297,0
297,0
297,0
297,0
297,0
297,0
298,1
298,1
298,1
298,1
298,1
298,1
298,1
298,1
298,1
298,1
298,1
298,1
298,1
298,1
299,4
299,4
299,4
299,4
299,4
299,4
299,4
299,4
299,4
299,4
299,4
299,4
299,4
299,4
300,1
300,1
300,1
300,1
300,1
300,1
300,1
300,1
300,1
300,1
300,1
300,1
300,1
300,1
301,0
301,0
301,0
301,0
301,0
301,0
301,0
301,0
301,0
301,0
301,0
301,0
301,0
301,0
302,7
302,7
302,7
302,7
302,7
302,7
302,7
302,7
302,7
302,7
302,7
302,7
302,7
302,7
303,1
303,1
303,1
303,1
303,1
303,1
303,1
303,1
303,1
303,1
303,1
303,1
303,1
303,1
304,3
304,3
304,3
304,3
304,3
304,3
304,3
304,3
304,3
304,3
304,3
304,3
304,3
304,3
305,4
305,4
305,4
305,4
305,4
305,4
305,4
305,4
305,4
305,4
305,4
305,4
305,4
305,4
306,3
306,3
306,3
306,3
306,3
306,3
306,3
306,3
306,3
306,3
306,3
306,3
306,3
306,3
307,3
307,3
307,3
307,3
307,3
307,3
307,3
307,3
307,3
307,3
307,3
307,3
307,3
307,3
308,0
308,0
308,0
308,0
308,0
308,0
308,0
308,0
308,0
308,0
308,0
308,0
308,0
308,0
309,0
309,0
309,0
309,0
309,0
309,0
309,0
309,0
309,0
309,0
309,0
309,0
309,0
309,0
310,0
310,0
310,0
310,0
310,0
310,0
310,0
310,0
310,0
310,0
310,0
310,0
310,0
310,0
311,7
311,7
311,7
311,7
311,7
311,7
311,7
311,7
311,7
311,7
311,7
311,7
311,7
311,7
312,14
312,14
312,14
312,14
312,14
312,14
312,14
312,14
312,14
312,14
312,14
312,14
312,14
312,14
313,0
313,0
313,0
313,0
313,0
313,0
313,0
313,0
313,0
313,0
313,0
313,0
313,0
313,0
314,16
314,16
314,16
314,16
314,16
314,16
314,16
314,16
314,16
314,16
314,16
314,16
314,16
314,16
315,5
315,5
315,5
315,5
315,5
315,5
315,5
315,5
315,5
315,5
315,5
315,5
315,5
315,5
316,21
316,21
316,21
316,21
316,21
316,21
316,21
316,21
316,21
316,21
316,21
316,21
316,21
316,21
317,9
317,9
317,9
317,9
317,9
317,9
317,9
317,9
317,9
317,9
317,9
317,9
317,9
317,9
318,8
318,8
318,8
318,8
318,8
318,8
318,8
318,8
318,8
318,8
318,8
318,8
318,8
318,8
319,1
319,1
319,1
319,1
319,1
319,1
319,1
319,1
319,1
319,1
319,1
319,1
319,1
319,1
320,3
320,3
320,3
320,3
320,3
320,3
320,3
320,3
320,3
320,3
320,3
320,3
320,3
320,3
321,21
321,21
321,21
321,21
321,21
321,21
321,21
321,21
321,21
321,21
321,21
321,21
321,21
321,21
322,10
322,10
322,10
322,10
322,10
322,10
322,10
323,3
323,3
323,3
323,3
323,3
323,3
323,3
324,9
324,9
324,9
324,9
324,9
324,9
324,9
325,1
325,1
325,1
325,1
325,1
325,1
325,1
326,3
326,3
326,3
326,3
326,3
326,3
326,3
327,3
327,3
327,3
327,3
327,3
327,3
327,3
328,16
328,16
328,16
328,16
328,16
328,16
328,16
329,3
329,3
329,3
329,3
329,3
329,3
329,3
330,0
330,0
330,0
330,0
330,0
330,0
330,0
331,0
331,0
331,0
331,0
331,0
331,0
331,0
332,7
332,7
332,7
332,7
332,7
332,7
332,7
332,7
332,7
332,7
333,9
333,9
333,9
333,9
333,9
333,9
333,9
333,9
333,9
333,9
334,11
334,11
334,11
334,11
334,11
334,11
334,11
334,11
334,11
334,11
335,3
335,3
335,3
335,3
335,3
335,3
335,3
335,3
335,3
335,3
336,5
336,5
336,5
336,5
336,5
336,5
336,5
336,5
336,5
336,5
337,3
337,3
337,3
337,3
337,3
337,3
337,3
337,3
337,3
337,3
338,3
338,3
338,3
338,3
338,3
338,3
338,3
338,3
338,3
338,3
341,3
341,3
341,3
341,3
341,3
341,3
341,3
341,3
341,3
341,3
341,3
341,3
341,3
341,3
341,3
341,3
341,3
341,3
342,11
342,11
342,11
342,11
342,11
342,11
342,11
342,11
342,11
342,11
342,11
342,11
342,11
342,11
342,11
342,11
342,11
342,11
343,1
343,1
343,1
343,1
343,1
343,1
343,1
343,1
343,1
343,1
343,1
343,1
343,1
343,1
343,1
343,1
343,1
343,1
344,3
344,3
344,3
344,3
344,3
344,3
344,3
344,3
344,3
344,3
344,3
344,3
344,3
344,3
344,3
344,3
344,3
344,3
345,3
345,3
345,3
345,3
345,3
345,3
345,3
345,3
345,3
345,3
345,3
345,3
345,3
345,3
345,3
345,3
345,3
345,3
347,12
347,12
347,12
347,12
347,12
347,12
347,12
347,12
347,12
347,12
347,12
347,12
347,12
347,12
347,12
347,12
347,12
347,12
348,3
348,3
348,3
348,3
348,3
348,3
348,3
348,3
348,3
348,3
348,3
348,3
348,3
348,3
348,3
348,3
348,3
348,3
349,0
349,0
349,0
349,0
349,0
349,0
349,0
349,0
349,0
349,0
349,0
349,0
349,0
349,0
349,0
349,0
349,0
349,0
350,1
350,1
350,1
350,1
350,1
350,1
350,1
350,1
350,1
350,1
350,1
350,1
350,1
350,1
350,1
350,1
350,1
350,1
351,5
351,5
351,5
351,5
351,5
351,5
351,5
351,5
351,5
351,5
351,5
351,5
351,5
351,5
351,5
351,5
351,5
351,5
352,1
352,1
352,1
352,1
352,1
352,1
352,1
352,1
352,1
352,1
352,1
352,1
352,1
352,1
352,1
352,1
352,1
352,1
353,16
353,16
353,16
353,16
353,16
353,16
353,16
353,16
353,16
353,16
353,16
353,16
353,16
353,16
353,16
353,16
353,16
353,16
354,3
354,3
354,3
354,3
354,3
354,3
354,3
354,3
354,3
354,3
354,3
354,3
354,3
354,3
354,3
354,3
354,3
354,3
355,7
355,7
355,7
355,7
355,7
355,7
355,7
355,7
355,7
355,7
355,7
355,7
355,7
355,7
355,7
355,7
355,7
355,7
356,4
356,4
356,4
356,4
356,4
356,4
356,4
356,4
356,4
356,4
356,4
356,4
356,4
356,4
356,4
356,4
356,4
356,4
357,3
357,3
357,3
357,3
357,3
357,3
357,3
357,3
357,3
357,3
357,3
357,3
357,3
357,3
357,3
357,3
357,3
357,3
358,16
358,16
358,16
358,16
358,16
358,16
358,16
358,16
358,16
358,16
358,16
358,16
358,16
358,16
358,16
358,16
358,16
358,16
359,3
359,3
359,3
359,3
359,3
359,3
359,3
359,3
359,3
359,3
359,3
359,3
359,3
359,3
359,3
359,3
359,3
359,3
360,4
360,4
360,4
360,4
360,4
360,4
360,4
360,4
360,4
360,4
360,4
360,4
360,4
360,4
360,4
360,4
360,4
360,4
361,18
361,18
361,18
361,18
361,18
361,18
361,18
361,18
361,18
361,18
361,18
361,18
361,18
361,18
361,18
361,18
361,18
361,18
361,18
362,0
362,0
362,0
362,0
362,0
362,0
362,0
362,0
362,0
362,0
362,0
362,0
362,0
362,0
362,0
362,0
362,0
362,0
362,0
363,0
363,0
363,0
363,0
363,0
363,0
363,0
363,0
363,0
363,0
363,0
363,0
363,0
363,0
363,0
363,0
363,0
363,0
363,0
364,0
364,0
364,0
364,0
364,0
364,0
364,0
364,0
364,0
364,0
364,0
364,0
364,0
364,0
364,0
364,0
364,0
364,0
364,0
365,21
365,21
365,21
365,21
365,21
365,21
365,21
365,21
365,21
365,21
365,21
365,21
365,21
365,21
365,21
365,21
365,21
365,21
365,21
366,3
366,3
366,3
366,3
366,3
366,3
366,3
366,3
366,3
366,3
366,3
366,3
366,3
366,3
366,3
366,3
366,3
366,3
366,3
367,21
367,21
367,21
367,21
367,21
367,21
367,21
367,21
367,21
367,21
367,21
367,21
367,21
367,21
367,21
367,21
367,21
367,21
367,21
368,16
368,16
368,16
368,16
368,16
368,16
368,16
368,16
368,16
368,16
368,16
368,16
368,16
368,16
368,16
368,16
368,16
368,16
368,16
369,16
369,16
369,16
369,16
369,16
369,16
369,16
369,16
369,16
369,16
369,16
369,16
369,16
369,16
369,16
369,16
369,16
369,16
369,16
370,7
370,7
370,7
370,7
370,7
370,7
370,7
370,7
370,7
370,7
370,7
370,7
370,7
370,7
370,7
370,7
370,7
370,7
370,7
371,13
371,13
371,13
371,13
371,13
371,13
371,13
371,13
371,13
371,13
371,13
371,13
371,13
371,13
371,13
371,13
371,13
371,13
371,13
372,21
372,21
372,21
372,21
372,21
372,21
372,21
372,21
372,21
372,21
372,21
372,21
372,21
372,21
372,21
372,21
372,21
372,21
372,21
373,2
373,2
373,2
373,2
373,2
373,2
373,2
373,2
373,2
373,2
373,2
373,2
373,2
373,2
373,2
373,2
373,2
373,2
373,2
374,7
374,7
374,7
374,7
374,7
374,7
374,7
374,7
374,7
374,7
374,7
374,7
374,7
374,7
374,7
374,7
374,7
374,7
374,7
375,11
375,11
375,11
375,11
375,11
375,11
375,11
375,11
375,11
375,11
375,11
375,11
375,11
375,11
375,11
375,11
375,11
375,11
375,11
376,21
376,21
376,21
376,21
376,21
376,21
376,21
376,21
376,21
376,21
376,21
376,21
376,21
376,21
376,21
376,21
376,21
376,21
376,21
377,0
377,0
377,0
377,0
377,0
377,0
377,0
377,0
377,0
377,0
377,0
377,0
377,0
377,0
377,0
377,0
377,0
377,0
377,0
378,0
378,0
378,0
378,0
378,0
378,0
378,0
378,0
378,0
378,0
378,0
378,0
378,0
378,0
378,0
378,0
378,0
378,0
378,0
379,3
379,3
379,3
379,3
379,3
379,3
379,3
379,3
379,3
379,3
379,3
379,3
379,3
379,3
379,3
379,3
379,3
379,3
380,3
380,3
380,3
380,3
380,3
380,3
380,3
380,3
380,3
380,3
380,3
380,3
380,3
380,3
380,3
380,3
380,3
380,3
381,20
381,20
381,20
381,20
381,20
381,20
381,20
381,20
381,20
381,20
381,20
381,20
381,20
381,20
381,20
381,20
381,20
381,20
382,1
382,1
382,1
382,1
382,1
382,1
382,1
382,1
382,1
382,1
382,1
382,1
382,1
382,1
382,1
382,1
382,1
382,1
383,0
383,0
383,0
383,0
383,0
383,0
383,0
383,0
383,0
383,0
383,0
383,0
383,0
383,0
383,0
383,0
383,0
383,0
384,3
384,3
384,3
384,3
384,3
384,3
384,3
384,3
384,3
384,3
384,3
384,3
384,3
384,3
384,3
384,3
384,3
384,3
385,0
385,0
385,0
385,0
385,0
385,0
385,0
385,0
385,0
385,0
385,0
385,0
385,0
385,0
385,0
385,0
385,0
385,0
386,5
386,5
386,5
386,5
386,5
386,5
386,5
386,5
386,5
386,5
386,5
386,5
386,5
386,5
386,5
386,5
386,5
386,5
387,0
387,0
387,0
387,0
387,0
387,0
387,0
387,0
387,0
387,0
387,0
387,0
387,0
387,0
387,0
387,0
387,0
387,0
388,0
388,0
388,0
388,0
388,0
388,0
388,0
388,0
388,0
388,0
388,0
388,0
388,0
388,0
388,0
388,0
388,0
388,0
389,4
389,4
389,4
389,4
389,4
389,4
389,4
389,4
389,4
389,4
389,4
389,4
389,4
389,4
389,4
389,4
389,4
389,4
390,1
390,1
390,1
390,1
390,1
390,1
390,1
390,1
390,1
390,1
390,1
390,1
390,1
390,1
390,1
390,1
390,1
390,1
391,14
391,14
391,14
391,14
391,14
391,14
391,14
391,14
391,14
391,14
391,14
391,14
391,14
391,14
391,14
391,14
391,14
391,14
392,0
392,0
392,0
392,0
392,0
392,0
392,0
392,0
392,0
392,0
392,0
392,0
392,0
392,0
392,0
392,0
392,0
392,0
393,3
393,3
393,3
393,3
393,3
393,3
393,3
393,3
393,3
393,3
393,3
393,3
393,3
393,3
393,3
393,3
393,3
393,3
394,3
394,3
394,3
394,3
394,3
394,3
394,3
394,3
394,3
394,3
394,3
394,3
394,3
394,3
394,3
394,3
394,3
394,3
395,1
395,1
395,1
395,1
395,1
395,1
395,1
395,1
395,1
395,1
395,1
395,1
395,1
395,1
395,1
395,1
395,1
395,1
396,3
396,3
396,3
396,3
396,3
396,3
396,3
396,3
396,3
396,3
396,3
396,3
396,3
396,3
396,3
396,3
396,3
396,3
397,0
397,0
397,0
397,0
397,0
397,0
397,0
397,0
397,0
397,0
397,0
397,0
397,0
397,0
397,0
397,0
397,0
397,0
398,9
398,9
398,9
398,9
398,9
398,9
398,9
398,9
398,9
398,9
398,9
398,9
398,9
398,9
398,9
398,9
398,9
398,9
399,21
399,21
399,21
399,21
399,21
399,21
399,21
399,21
399,21
399,21
399,21
399,21
399,21
399,21
399,21
399,21
399,21
399,21
400,15
400,15
400,15
400,15
400,15
400,15
400,15
400,15
400,15
400,15
400,15
400,15
400,15
400,15
400,15
400,15
400,15
400,15
401,14
401,14
401,14
401,14
401,14
401,14
401,14
401,14
401,14
401,14
401,14
401,14
401,14
401,14
401,14
401,14
401,14
401,14
402,0
402,0
402,0
402,0
402,0
402,0
402,0
402,0
402,0
402,0
402,0
402,0
402,0
402,0
402,0
402,0
402,0
402,0
403,0
403,0
403,0
403,0
403,0
403,0
403,0
403,0
403,0
403,0
403,0
403,0
403,0
403,0
403,0
403,0
403,0
403,0
404,16
404,16
404,16
404,16
404,16
404,16
404,16
404,16
404,16
404,16
404,16
404,16
404,16
404,16
404,16
404,16
404,16
404,16
405,11
405,11
405,11
405,11
405,11
405,11
405,11
405,11
405,11
405,11
405,11
405,11
405,11
405,11
405,11
405,11
405,11
405,11
406,3
406,3
406,3
406,3
406,3
406,3
406,3
406,3
406,3
406,3
406,3
406,3
406,3
406,3
406,3
406,3
406,3
406,3
407,11
407,11
407,11
407,11
407,11
407,11
407,11
407,11
407,11
407,11
407,11
407,11
407,11
407,11
407,11
407,11
407,11
407,11
408,16
408,16
408,16
408,16
408,16
408,16
408,16
408,16
408,16
408,16
408,16
408,16
408,16
408,16
408,16
408,16
408,16
408,16
409,0
409,0
409,0
409,0
409,0
409,0
409,0
409,0
409,0
409,0
409,0
409,0
409,0
409,0
409,0
409,0
409,0
409,0
410,0
410,0
410,0
410,0
410,0
410,0
410,0
410,0
410,0
410,0
410,0
410,0
410,0
410,0
410,0
410,0
410,0
410,0
411,21
411,21
411,21
411,21
411,21
411,21
411,21
411,21
411,21
411,21
411,21
411,21
411,21
411,21
411,21
411,21
411,21
411,21
412,15
412,15
412,15
412,15
412,15
412,15
412,15
412,15
412,15
412,15
412,15
412,15
412,15
412,15
412,15
412,15
412,15
412,15
413,16
413,16
413,16
413,16
413,16
413,16
413,16
413,16
413,16
413,16
413,16
413,16
413,16
413,16
413,16
413,16
413,16
413,16
415,5
415,5
415,5
415,5
415,5
415,5
415,5
415,5
415,5
415,5
415,5
415,5
415,5
415,5
415,5
415,5
415,5
415,5
417,1
417,1
417,1
417,1
417,1
417,1
417,1
417,1
418,1
418,1
418,1
418,1
418,1
418,1
418,1
418,1
419,1
419,1
419,1
419,1
419,1
419,1
419,1
419,1
420,5
420,5
420,5
420,5
420,5
420,5
420,5
420,5
421,16
421,16
421,16
421,16
421,16
421,16
421,16
421,16
422,11
422,11
422,11
422,11
422,11
423,18
423,18
423,18
423,18
423,18
424,3
424,3
424,3
424,3
424,3
425,1
425,1
425,1
425,1
425,1
426,14
426,14
426,14
426,14
426,14
427,3
427,3
427,3
427,3
427,3
428,7
428,7
428,7
428,7
428,7
429,7
429,7
429,7
429,7
429,7
430,3
430,3
430,3
430,3
430,3
430,3
430,3
430,3
430,3
430,3
430,3
430,3
430,3
430,3
431,3
431,3
431,3
431,3
431,3
431,3
431,3
431,3
431,3
431,3
431,3
431,3
431,3
431,3
432,1
432,1
432,1
432,1
432,1
432,1
432,1
432,1
432,1
432,1
432,1
432,1
432,1
432,1
433,0
433,0
433,0
433,0
433,0
433,0
433,0
433,0
433,0
433,0
433,0
433,0
433,0
433,0
434,21
434,21
434,21
434,21
434,21
434,21
434,21
434,21
434,21
434,21
434,21
434,21
434,21
434,21
435,20
435,20
435,20
435,20
435,20
435,20
435,20
435,20
435,20
435,20
435,20
435,20
435,20
435,20
436,21
436,21
436,21
436,21
436,21
436,21
436,21
436,21
436,21
436,21
436,21
436,21
436,21
436,21
437,3
437,3
437,3
437,3
437,3
437,3
437,3
437,3
437,3
437,3
437,3
437,3
437,3
437,3
438,3
438,3
438,3
438,3
438,3
438,3
438,3
438,3
438,3
438,3
438,3
438,3
438,3
438,3
439,5
439,5
439,5
439,5
439,5
439,5
439,5
439,5
439,5
439,5
439,5
439,5
439,5
439,5
440,14
440,14
440,14
440,14
440,14
440,14
440,14
440,14
440,14
440,14
441,14
441,14
441,14
441,14
441,14
441,14
441,14
441,14
441,14
441,14
442,13
442,13
442,13
442,13
442,13
442,13
442,13
442,13
442,13
442,13
443,22
443,22
443,22
443,22
443,22
443,22
443,22
443,22
443,22
443,22
444,9
444,9
444,9
444,9
444,9
444,9
444,9
444,9
444,9
444,9
445,11
445,11
445,11
445,11
445,11
445,11
445,11
445,11
445,11
445,11
446,11
446,11
446,11
446,11
446,11
446,11
446,11
446,11
446,11
446,11
447,4
447,4
447,4
447,4
447,4
447,4
447,4
447,4
447,4
447,4
448,16
448,16
448,16
448,16
448,16
448,16
448,16
448,16
448,16
448,16
449,17
449,17
449,17
449,17
449,17
449,17
449,17
449,17
449,17
449,17
450,7
450,7
450,7
450,7
450,7
450,7
450,7
450,7
450,7
450,7
451,4
451,4
451,4
451,4
451,4
451,4
451,4
451,4
451,4
451,4
452,18
452,18
452,18
452,18
452,18
452,18
452,18
452,18
452,18
452,18
453,18
453,18
453,18
453,18
453,18
453,18
453,18
453,18
453,18
453,18
454,3
454,3
454,3
454,3
454,3
454,3
455,3
455,3
455,3
455,3
455,3
455,3
456,0
456,0
456,0
456,0
456,0
456,0
457,19
457,19
457,19
457,19
457,19
457,19
458,9
458,9
458,9
458,9
458,9
458,9
459,21
459,21
459,21
459,21
459,21
459,21
460,3
460,3
460,3
460,3
460,3
460,3
461,11
461,11
461,11
461,11
461,11
461,11
462,8
462,8
462,8
462,8
462,8
462,8
463,3
463,3
463,3
463,3
463,3
463,3
464,3
464,3
464,3
464,3
464,3
464,3
465,3
465,3
465,3
465,3
465,3
465,3
466,3
466,3
466,3
466,3
466,3
466,3
466,3
466,3
466,3
466,3
466,3
466,3
466,3
466,3
466,3
467,3
467,3
467,3
467,3
467,3
467,3
467,3
467,3
467,3
467,3
467,3
467,3
467,3
467,3
467,3
468,3
468,3
468,3
468,3
468,3
468,3
468,3
468,3
468,3
468,3
468,3
468,3
468,3
468,3
468,3
469,16
469,16
469,16
469,16
469,16
469,16
469,16
469,16
469,16
469,16
469,16
469,16
469,16
469,16
469,16
470,3
470,3
470,3
470,3
470,3
470,3
470,3
470,3
470,3
470,3
470,3
470,3
470,3
470,3
470,3
471,1
471,1
471,1
471,1
471,1
471,1
471,1
471,1
471,1
471,1
471,1
471,1
471,1
471,1
471,1
472,1
472,1
472,1
472,1
472,1
472,1
472,1
472,1
472,1
472,1
472,1
472,1
472,1
472,1
472,1
473,3
473,3
473,3
473,3
473,3
473,3
473,3
473,3
473,3
473,3
473,3
473,3
473,3
473,3
473,3
474,0
474,0
474,0
474,0
474,0
474,0
474,0
474,0
474,0
474,0
474,0
474,0
474,0
474,0
474,0
475,5
475,5
475,5
475,5
475,5
475,5
475,5
475,5
475,5
475,5
475,5
475,5
475,5
475,5
475,5
476,3
476,3
476,3
476,3
476,3
476,3
476,3
476,3
476,3
476,3
476,3
476,3
476,3
476,3
476,3
477,3
477,3
477,3
477,3
477,3
477,3
477,3
477,3
477,3
477,3
477,3
477,3
477,3
477,3
477,3
478,0
478,0
478,0
478,0
478,0
478,0
478,0
478,0
478,0
478,0
478,0
478,0
478,0
478,0
478,0
479,3
479,3
479,3
479,3
479,3
479,3
479,3
479,3
479,3
479,3
479,3
479,3
479,3
479,3
479,3
480,0
480,0
480,0
480,0
480,0
480,0
480,0
480,0
480,0
480,0
480,0
480,0
480,0
480,0
480,0
481,0
481,0
481,0
481,0
481,0
481,0
481,0
481,0
481,0
481,0
481,0
481,0
481,0
481,0
481,0
482,3
482,3
482,3
482,3
482,3
482,3
482,3
482,3
482,3
482,3
482,3
482,3
482,3
482,3
482,3
483,11
483,11
483,11
483,11
483,11
483,11
483,11
483,11
483,11
483,11
483,11
483,11
483,11
483,11
483,11
484,3
484,3
484,3
484,3
484,3
484,3
484,3
484,3
484,3
484,3
484,3
484,3
484,3
484,3
484,3
485,0
485,0
485,0
485,0
485,0
485,0
485,0
485,0
485,0
485,0
485,0
485,0
485,0
485,0
485,0
486,0
486,0
486,0
486,0
486,0
486,0
486,0
486,0
486,0
486,0
486,0
486,0
486,0
486,0
486,0
487,0
487,0
487,0
487,0
487,0
487,0
487,0
487,0
487,0
487,0
487,0
487,0
487,0
487,0
487,0
488,0
488,0
488,0
488,0
488,0
488,0
488,0
488,0
488,0
488,0
488,0
488,0
488,0
488,0
488,0
489,3
489,3
489,3
489,3
489,3
489,3
489,3
489,3
489,3
489,3
489,3
489,3
489,3
489,3
489,3
490,11
490,11
490,11
490,11
490,11
490,11
490,11
490,11
490,11
490,11
490,11
490,11
490,11
490,11
490,11
491,14
491,14
491,14
491,14
491,14
491,14
491,14
491,14
491,14
491,14
491,14
491,14
491,14
491,14
491,14
492,20
492,20
492,20
492,20
492,20
492,20
492,20
492,20
492,20
492,20
492,20
492,20
492,20
492,20
492,20
493,21
493,21
493,21
493,21
493,21
493,21
493,21
493,21
493,21
493,21
493,21
493,21
493,21
493,21
493,21
494,0
494,0
494,0
494,0
494,0
494,0
494,0
494,0
494,0
494,0
494,0
494,0
494,0
494,0
494,0
495,3
495,3
495,3
495,3
495,3
495,3
495,3
495,3
495,3
495,3
495,3
495,3
495,3
495,3
495,3
496,4
496,4
496,4
496,4
496,4
496,4
496,4
497,3
497,3
497,3
497,3
497,3
497,3
497,3
498,3
498,3
498,3
498,3
498,3
498,3
498,3
499,0
499,0
499,0
499,0
499,0
499,0
499,0
500,5
500,5
500,5
500,5
500,5
500,5
500,5
501,11
501,11
501,11
501,11
501,11
501,11
501,11
502,11
502,11
502,11
502,11
502,11
502,11
503,18
503,18
503,18
503,18
503,18
503,18
504,14
504,14
504,14
504,14
504,14
504,14
505,3
505,3
505,3
505,3
505,3
505,3
506,3
506,3
506,3
506,3
506,3
506,3
507,3
507,3
507,3
507,3
507,3
507,3
508,3
508,3
508,3
508,3
508,3
508,3
509,1
509,1
509,1
509,1
509,1
509,1
509,1
509,1
509,1
509,1
509,1
509,1
509,1
509,1
509,1
509,1
509,1
509,1
509,1
509,1
509,1
509,1
510,18
510,18
510,18
510,18
510,18
510,18
510,18
510,18
510,18
510,18
510,18
510,18
510,18
510,18
510,18
510,18
510,18
510,18
510,18
510,18
510,18
510,18
511,21
511,21
511,21
511,21
511,21
511,21
511,21
511,21
511,21
511,21
511,21
511,21
511,21
511,21
511,21
511,21
511,21
511,21
511,21
511,21
511,21
511,21
513,0
513,0
513,0
513,0
513,0
513,0
513,0
513,0
513,0
513,0
513,0
513,0
513,0
513,0
513,0
513,0
513,0
513,0
513,0
513,0
513,0
513,0
514,0
514,0
514,0
514,0
514,0
514,0
514,0
514,0
514,0
514,0
514,0
514,0
514,0
514,0
514,0
514,0
514,0
514,0
514,0
514,0
514,0
514,0
515,0
515,0
515,0
515,0
515,0
515,0
515,0
515,0
515,0
515,0
515,0
515,0
515,0
515,0
515,0
515,0
515,0
515,0
515,0
515,0
515,0
515,0
516,7
516,7
516,7
516,7
516,7
516,7
516,7
516,7
516,7
516,7
516,7
516,7
516,7
516,7
516,7
516,7
516,7
516,7
516,7
516,7
516,7
516,7
517,0
517,0
517,0
517,0
517,0
517,0
517,0
517,0
517,0
517,0
517,0
517,0
517,0
517,0
517,0
517,0
517,0
517,0
517,0
517,0
517,0
517,0
518,16
518,16
518,16
518,16
518,16
518,16
518,16
518,16
518,16
518,16
518,16
518,16
518,16
518,16
518,16
518,16
518,16
518,16
518,16
518,16
518,16
518,16
519,14
519,14
519,14
519,14
519,14
519,14
519,14
519,14
519,14
519,14
519,14
519,14
519,14
519,14
519,14
519,14
519,14
519,14
519,14
519,14
519,14
519,14
520,0
520,0
520,0
520,0
520,0
520,0
520,0
520,0
520,0
520,0
520,0
520,0
520,0
520,0
520,0
520,0
520,0
520,0
520,0
520,0
520,0
520,0
521,1
521,1
521,1
521,1
521,1
521,1
521,1
521,1
521,1
521,1
521,1
521,1
521,1
521,1
521,1
521,1
521,1
521,1
521,1
521,1
521,1
521,1
522,3
522,3
522,3
522,3
522,3
522,3
522,3
522,3
522,3
522,3
522,3
522,3
522,3
522,3
522,3
522,3
522,3
522,3
522,3
522,3
522,3
522,3
523,1
523,1
523,1
523,1
523,1
523,1
523,1
523,1
523,1
523,1
523,1
523,1
523,1
523,1
523,1
523,1
523,1
523,1
523,1
523,1
523,1
523,1
524,0
524,0
524,0
524,0
524,0
524,0
524,0
524,0
524,0
524,0
524,0
524,0
524,0
524,0
524,0
524,0
524,0
524,0
524,0
524,0
524,0
524,0
525,5
525,5
525,5
525,5
525,5
525,5
525,5
525,5
525,5
525,5
525,5
525,5
525,5
525,5
525,5
525,5
525,5
525,5
525,5
525,5
525,5
525,5
526,16
526,16
526,16
526,16
526,16
526,16
526,16
526,16
526,16
526,16
526,16
526,16
526,16
526,16
526,16
526,16
526,16
526,16
526,16
526,16
526,16
526,16
527,7
527,7
527,7
527,7
527,7
527,7
527,7
527,7
527,7
527,7
527,7
527,7
527,7
527,7
527,7
527,7
527,7
527,7
527,7
527,7
527,7
527,7
528,14
528,14
528,14
528,14
528,14
528,14
528,14
528,14
528,14
528,14
528,14
528,14
528,14
528,14
528,14
528,14
528,14
528,14
528,14
528,14
528,14
528,14
529,1
529,1
529,1
529,1
529,1
529,1
529,1
529,1
529,1
529,1
529,1
529,1
529,1
529,1
529,1
529,1
529,1
529,1
529,1
529,1
529,1
529,1
530,0
530,0
530,0
530,0
530,0
530,0
530,0
530,0
530,0
530,0
530,0
530,0
530,0
530,0
530,0
530,0
530,0
530,0
530,0
530,0
530,0
530,0
531,4
531,4
531,4
531,4
531,4
531,4
531,4
531,4
531,4
531,4
531,4
531,4
531,4
531,4
531,4
531,4
531,4
531,4
531,4
531,4
531,4
532,0
532,0
532,0
532,0
532,0
532,0
532,0
532,0
532,0
532,0
532,0
532,0
532,0
532,0
532,0
532,0
532,0
532,0
532,0
532,0
532,0
533,0
533,0
533,0
533,0
533,0
533,0
533,0
533,0
533,0
533,0
533,0
533,0
533,0
533,0
533,0
533,0
533,0
533,0
533,0
533,0
533,0
534,18
534,18
534,18
534,18
534,18
534,18
534,18
534,18
534,18
534,18
534,18
534,18
534,18
534,18
534,18
534,18
534,18
534,18
534,18
534,18
534,18
535,0
535,0
535,0
535,0
535,0
535,0
535,0
535,0
535,0
535,0
535,0
535,0
535,0
535,0
535,0
535,0
535,0
535,0
535,0
535,0
535,0
536,0
536,0
536,0
536,0
536,0
536,0
536,0
536,0
536,0
536,0
536,0
536,0
536,0
536,0
536,0
536,0
536,0
536,0
536,0
536,0
536,0
537,20
537,20
537,20
537,20
537,20
537,20
537,20
537,20
537,20
537,20
537,20
537,20
537,20
537,20
537,20
537,20
537,20
537,20
537,20
537,20
537,20
538,9
538,9
538,9
538,9
538,9
538,9
538,9
538,9
538,9
538,9
538,9
538,9
538,9
538,9
538,9
538,9
538,9
538,9
538,9
538,9
538,9
539,14
539,14
539,14
539,14
539,14
539,14
539,14
539,14
539,14
539,14
539,14
539,14
539,14
539,14
539,14
539,14
539,14
539,14
539,14
539,14
539,14
540,0
540,0
540,0
540,0
540,0
540,0
540,0
540,0
540,0
540,0
540,0
540,0
540,0
540,0
540,0
540,0
540,0
540,0
540,0
540,0
540,0
541,22
541,22
541,22
541,22
541,22
541,22
541,22
541,22
541,22
541,22
541,22
541,22
541,22
541,22
541,22
541,22
541,22
541,22
541,22
541,22
541,22
542,0
542,0
542,0
542,0
542,0
542,0
542,0
542,0
542,0
542,0
542,0
542,0
542,0
542,0
542,0
542,0
542,0
542,0
542,0
542,0
542,0
543,3
543,3
543,3
543,3
543,3
543,3
543,3
543,3
543,3
543,3
543,3
543,3
543,3
543,3
543,3
543,3
543,3
543,3
543,3
543,3
543,3
544,1
544,1
544,1
544,1
544,1
544,1
544,1
544,1
544,1
544,1
544,1
544,1
544,1
544,1
544,1
544,1
544,1
544,1
544,1
544,1
544,1
545,0
545,0
545,0
545,0
545,0
545,0
545,0
545,0
545,0
545,0
545,0
545,0
545,0
545,0
545,0
545,0
545,0
545,0
545,0
545,0
545,0
546,21
546,21
546,21
546,21
546,21
546,21
546,21
546,21
546,21
546,21
546,21
546,21
546,21
546,21
546,21
546,21
546,21
546,21
546,21
546,21
546,21
547,0
547,0
547,0
547,0
547,0
547,0
547,0
547,0
547,0
547,0
547,0
547,0
547,0
547,0
547,0
547,0
547,0
547,0
547,0
547,0
547,0
548,11
548,11
548,11
548,11
548,11
548,11
548,11
548,11
548,11
548,11
548,11
548,11
548,11
548,11
548,11
548,11
548,11
548,11
548,11
548,11
548,11
549,0
549,0
549,0
549,0
549,0
549,0
549,0
549,0
549,0
549,0
549,0
549,0
549,0
549,0
549,0
549,0
549,0
549,0
549,0
549,0
549,0
550,20
550,20
550,20
550,20
550,20
550,20
550,20
550,20
550,20
550,20
550,20
550,20
550,20
550,20
550,20
550,20
550,20
550,20
550,20
550,20
550,20
551,11
551,11
551,11
551,11
551,11
551,11
551,11
551,11
551,11
551,11
551,11
551,11
551,11
551,11
551,11
551,11
551,11
551,11
551,11
551,11
551,11
552,15
552,15
552,15
552,15
552,15
552,15
552,15
552,15
552,15
552,15
552,15
552,15
552,15
552,15
552,15
552,15
552,15
552,15
552,15
552,15
552,15
