PID,CNUM9
243,0
244,2
245,3
246,5
247,5
248,0
249,5
250,0
251,2
243,0
244,2
245,3
246,5
247,5
248,0
249,5
250,0
251,2
243,0
244,2
245,3
246,5
247,5
248,0
249,5
250,0
251,2
243,0
244,2
245,3
246,5
247,5
248,0
249,5
250,0
251,2
243,0
244,2
245,3
246,5
247,5
248,0
249,5
250,0
251,2
243,0
244,2
245,3
246,5
247,5
248,0
249,5
250,0
251,2
243,0
244,2
245,3
246,5
247,5
248,0
249,5
250,0
251,2
243,0
244,2
245,3
246,5
247,5
248,0
249,5
250,0
251,2
243,0
244,2
245,3
246,5
247,5
248,0
249,5
250,0
251,2
234,2
235,2
236,2
237,2
238,2
239,2
240,2
241,1
242,0
234,2
235,2
236,2
237,2
238,2
239,2
240,2
241,1
242,0
234,2
235,2
236,2
237,2
238,2
239,2
240,2
241,1
242,0
234,2
235,2
236,2
237,2
238,2
239,2
240,2
241,1
242,0
234,2
235,2
236,2
237,2
238,2
239,2
240,2
241,1
242,0
234,2
235,2
236,2
237,2
238,2
239,2
240,2
241,1
242,0
234,2
235,2
236,2
237,2
238,2
239,2
240,2
241,1
242,0
234,2
235,2
236,2
237,2
238,2
239,2
240,2
241,1
242,0
234,2
235,2
236,2
237,2
238,2
239,2
240,2
241,1
242,0
273,5
274,0
275,10
276,10
277,4
278,0
279,10
280,10
281,0
282,0
283,4
284,0
285,0
286,2
287,5
288,0
289,5
290,10
291,2
292,0
293,0
273,5
274,0
275,10
276,10
277,4
278,0
279,10
280,10
281,0
282,0
283,4
284,0
285,0
286,2
287,5
288,0
289,5
290,10
291,2
292,0
293,0
273,5
274,0
275,10
276,10
277,4
278,0
279,10
280,10
281,0
282,0
283,4
284,0
285,0
286,2
287,5
288,0
289,5
290,10
291,2
292,0
293,0
273,5
274,0
275,10
276,10
277,4
278,0
279,10
280,10
281,0
282,0
283,4
284,0
285,0
286,2
287,5
288,0
289,5
290,10
291,2
292,0
293,0
273,5
274,0
275,10
276,10
277,4
278,0
279,10
280,10
281,0
282,0
283,4
284,0
285,0
286,2
287,5
288,0
289,5
290,10
291,2
292,0
293,0
273,5
274,0
275,10
276,10
277,4
278,0
279,10
280,10
281,0
282,0
283,4
284,0
285,0
286,2
287,5
288,0
289,5
290,10
291,2
292,0
293,0
273,5
274,0
275,10
276,10
277,4
278,0
279,10
280,10
281,0
282,0
283,4
284,0
285,0
286,2
287,5
288,0
289,5
290,10
291,2
292,0
293,0
273,5
274,0
275,10
276,10
277,4
278,0
279,10
280,10
281,0
282,0
283,4
284,0
285,0
286,2
287,5
288,0
289,5
290,10
291,2
292,0
293,0
273,5
274,0
275,10
276,10
277,4
278,0
279,10
280,10
281,0
282,0
283,4
284,0
285,0
286,2
287,5
288,0
289,5
290,10
291,2
292,0
293,0
273,5
274,0
275,10
276,10
277,4
278,0
279,10
280,10
281,0
282,0
283,4
284,0
285,0
286,2
287,5
288,0
289,5
290,10
291,2
292,0
293,0
273,5
274,0
275,10
276,10
277,4
278,0
279,10
280,10
281,0
282,0
283,4
284,0
285,0
286,2
287,5
288,0
289,5
290,10
291,2
292,0
293,0
273,5
274,0
275,10
276,10
277,4
278,0
279,10
280,10
281,0
282,0
283,4
284,0
285,0
286,2
287,5
288,0
289,5
290,10
291,2
292,0
293,0
273,5
274,0
275,10
276,10
277,4
278,0
279,10
280,10
281,0
282,0
283,4
284,0
285,0
286,2
287,5
288,0
289,5
290,10
291,2
292,0
293,0
273,5
274,0
275,10
276,10
277,4
278,0
279,10
280,10
281,0
282,0
283,4
284,0
285,0
286,2
287,5
288,0
289,5
290,10
291,2
292,0
293,0
273,5
274,0
275,10
276,10
277,4
278,0
279,10
280,10
281,0
282,0
283,4
284,0
285,0
286,2
287,5
288,0
289,5
290,10
291,2
292,0
293,0
273,5
274,0
275,10
276,10
277,4
278,0
279,10
280,10
281,0
282,0
283,4
284,0
285,0
286,2
287,5
288,0
289,5
290,10
291,2
292,0
293,0
273,5
274,0
275,10
276,10
277,4
278,0
279,10
280,10
281,0
282,0
283,4
284,0
285,0
286,2
287,5
288,0
289,5
290,10
291,2
292,0
293,0
273,5
274,0
275,10
276,10
277,4
278,0
279,10
280,10
281,0
282,0
283,4
284,0
285,0
286,2
287,5
288,0
289,5
290,10
291,2
292,0
293,0
273,5
274,0
275,10
276,10
277,4
278,0
279,10
280,10
281,0
282,0
283,4
284,0
285,0
286,2
287,5
288,0
289,5
290,10
291,2
292,0
293,0
273,5
274,0
275,10
276,10
277,4
278,0
279,10
280,10
281,0
282,0
283,4
284,0
285,0
286,2
287,5
288,0
289,5
290,10
291,2
292,0
293,0
273,5
274,0
275,10
276,10
277,4
278,0
279,10
280,10
281,0
282,0
283,4
284,0
285,0
286,2
287,5
288,0
289,5
290,10
291,2
292,0
293,0
252,2
253,5
254,0
255,2
256,2
257,3
258,7
259,2
260,2
261,2
262,7
263,2
264,0
265,3
266,0
267,5
268,10
269,3
270,2
271,3
272,0
252,2
253,5
254,0
255,2
256,2
257,3
258,7
259,2
260,2
261,2
262,7
263,2
264,0
265,3
266,0
267,5
268,10
269,3
270,2
271,3
272,0
252,2
253,5
254,0
255,2
256,2
257,3
258,7
259,2
260,2
261,2
262,7
263,2
264,0
265,3
266,0
267,5
268,10
269,3
270,2
271,3
272,0
252,2
253,5
254,0
255,2
256,2
257,3
258,7
259,2
260,2
261,2
262,7
263,2
264,0
265,3
266,0
267,5
268,10
269,3
270,2
271,3
272,0
252,2
253,5
254,0
255,2
256,2
257,3
258,7
259,2
260,2
261,2
262,7
263,2
264,0
265,3
266,0
267,5
268,10
269,3
270,2
271,3
272,0
252,2
253,5
254,0
255,2
256,2
257,3
258,7
259,2
260,2
261,2
262,7
263,2
264,0
265,3
266,0
267,5
268,10
269,3
270,2
271,3
272,0
252,2
253,5
254,0
255,2
256,2
257,3
258,7
259,2
260,2
261,2
262,7
263,2
264,0
265,3
266,0
267,5
268,10
269,3
270,2
271,3
272,0
252,2
253,5
254,0
255,2
256,2
257,3
258,7
259,2
260,2
261,2
262,7
263,2
264,0
265,3
266,0
267,5
268,10
269,3
270,2
271,3
272,0
252,2
253,5
254,0
255,2
256,2
257,3
258,7
259,2
260,2
261,2
262,7
263,2
264,0
265,3
266,0
267,5
268,10
269,3
270,2
271,3
272,0
252,2
253,5
254,0
255,2
256,2
257,3
258,7
259,2
260,2
261,2
262,7
263,2
264,0
265,3
266,0
267,5
268,10
269,3
270,2
271,3
272,0
252,2
253,5
254,0
255,2
256,2
257,3
258,7
259,2
260,2
261,2
262,7
263,2
264,0
265,3
266,0
267,5
268,10
269,3
270,2
271,3
272,0
252,2
253,5
254,0
255,2
256,2
257,3
258,7
259,2
260,2
261,2
262,7
263,2
264,0
265,3
266,0
267,5
268,10
269,3
270,2
271,3
272,0
252,2
253,5
254,0
255,2
256,2
257,3
258,7
259,2
260,2
261,2
262,7
263,2
264,0
265,3
266,0
267,5
268,10
269,3
270,2
271,3
272,0
252,2
253,5
254,0
255,2
256,2
257,3
258,7
259,2
260,2
261,2
262,7
263,2
264,0
265,3
266,0
267,5
268,10
269,3
270,2
271,3
272,0
252,2
253,5
254,0
255,2
256,2
257,3
258,7
259,2
260,2
261,2
262,7
263,2
264,0
265,3
266,0
267,5
268,10
269,3
270,2
271,3
272,0
252,2
253,5
254,0
255,2
256,2
257,3
258,7
259,2
260,2
261,2
262,7
263,2
264,0
265,3
266,0
267,5
268,10
269,3
270,2
271,3
272,0
252,2
253,5
254,0
255,2
256,2
257,3
258,7
259,2
260,2
261,2
262,7
263,2
264,0
265,3
266,0
267,5
268,10
269,3
270,2
271,3
272,0
252,2
253,5
254,0
255,2
256,2
257,3
258,7
259,2
260,2
261,2
262,7
263,2
264,0
265,3
266,0
267,5
268,10
269,3
270,2
271,3
272,0
252,2
253,5
254,0
255,2
256,2
257,3
258,7
259,2
260,2
261,2
262,7
263,2
264,0
265,3
266,0
267,5
268,10
269,3
270,2
271,3
272,0
252,2
253,5
254,0
255,2
256,2
257,3
258,7
259,2
260,2
261,2
262,7
263,2
264,0
265,3
266,0
267,5
268,10
269,3
270,2
271,3
272,0
252,2
253,5
254,0
255,2
256,2
257,3
258,7
259,2
260,2
261,2
262,7
263,2
264,0
265,3
266,0
267,5
268,10
269,3
270,2
271,3
272,0
308,2
309,0
310,0
311,4
312,3
313,0
314,3
315,3
316,0
317,6
318,5
319,5
320,2
321,0
308,2
309,0
310,0
311,4
312,3
313,0
314,3
315,3
316,0
317,6
318,5
319,5
320,2
321,0
308,2
309,0
310,0
311,4
312,3
313,0
314,3
315,3
316,0
317,6
318,5
319,5
320,2
321,0
308,2
309,0
310,0
311,4
312,3
313,0
314,3
315,3
316,0
317,6
318,5
319,5
320,2
321,0
308,2
309,0
310,0
311,4
312,3
313,0
314,3
315,3
316,0
317,6
318,5
319,5
320,2
321,0
308,2
309,0
310,0
311,4
312,3
313,0
314,3
315,3
316,0
317,6
318,5
319,5
320,2
321,0
308,2
309,0
310,0
311,4
312,3
313,0
314,3
315,3
316,0
317,6
318,5
319,5
320,2
321,0
308,2
309,0
310,0
311,4
312,3
313,0
314,3
315,3
316,0
317,6
318,5
319,5
320,2
321,0
308,2
309,0
310,0
311,4
312,3
313,0
314,3
315,3
316,0
317,6
318,5
319,5
320,2
321,0
308,2
309,0
310,0
311,4
312,3
313,0
314,3
315,3
316,0
317,6
318,5
319,5
320,2
321,0
308,2
309,0
310,0
311,4
312,3
313,0
314,3
315,3
316,0
317,6
318,5
319,5
320,2
321,0
308,2
309,0
310,0
311,4
312,3
313,0
314,3
315,3
316,0
317,6
318,5
319,5
320,2
321,0
308,2
309,0
310,0
311,4
312,3
313,0
314,3
315,3
316,0
317,6
318,5
319,5
320,2
321,0
308,2
309,0
310,0
311,4
312,3
313,0
314,3
315,3
316,0
317,6
318,5
319,5
320,2
321,0
294,10
295,2
296,3
297,5
298,2
299,7
300,2
301,0
302,4
303,2
304,2
305,7
306,2
307,2
294,10
295,2
296,3
297,5
298,2
299,7
300,2
301,0
302,4
303,2
304,2
305,7
306,2
307,2
294,10
295,2
296,3
297,5
298,2
299,7
300,2
301,0
302,4
303,2
304,2
305,7
306,2
307,2
294,10
295,2
296,3
297,5
298,2
299,7
300,2
301,0
302,4
303,2
304,2
305,7
306,2
307,2
294,10
295,2
296,3
297,5
298,2
299,7
300,2
301,0
302,4
303,2
304,2
305,7
306,2
307,2
294,10
295,2
296,3
297,5
298,2
299,7
300,2
301,0
302,4
303,2
304,2
305,7
306,2
307,2
294,10
295,2
296,3
297,5
298,2
299,7
300,2
301,0
302,4
303,2
304,2
305,7
306,2
307,2
294,10
295,2
296,3
297,5
298,2
299,7
300,2
301,0
302,4
303,2
304,2
305,7
306,2
307,2
294,10
295,2
296,3
297,5
298,2
299,7
300,2
301,0
302,4
303,2
304,2
305,7
306,2
307,2
294,10
295,2
296,3
297,5
298,2
299,7
300,2
301,0
302,4
303,2
304,2
305,7
306,2
307,2
294,10
295,2
296,3
297,5
298,2
299,7
300,2
301,0
302,4
303,2
304,2
305,7
306,2
307,2
294,10
295,2
296,3
297,5
298,2
299,7
300,2
301,0
302,4
303,2
304,2
305,7
306,2
307,2
294,10
295,2
296,3
297,5
298,2
299,7
300,2
301,0
302,4
303,2
304,2
305,7
306,2
307,2
294,10
295,2
296,3
297,5
298,2
299,7
300,2
301,0
302,4
303,2
304,2
305,7
306,2
307,2
332,4
333,4
334,6
335,0
336,3
337,2
338,2
332,4
333,4
334,6
335,0
336,3
337,2
338,2
332,4
333,4
334,6
335,0
336,3
337,2
338,2
332,4
333,4
334,6
335,0
336,3
337,2
338,2
332,4
333,4
334,6
335,0
336,3
337,2
338,2
332,4
333,4
334,6
335,0
336,3
337,2
338,2
332,4
333,4
334,6
335,0
336,3
337,2
338,2
332,4
333,4
334,6
335,0
336,3
337,2
338,2
332,4
333,4
334,6
335,0
336,3
337,2
338,2
332,4
333,4
334,6
335,0
336,3
337,2
338,2
322,7
323,2
324,6
325,2
326,2
327,2
328,0
329,2
330,2
331,0
322,7
323,2
324,6
325,2
326,2
327,2
328,0
329,2
330,2
331,0
322,7
323,2
324,6
325,2
326,2
327,2
328,0
329,2
330,2
331,0
322,7
323,2
324,6
325,2
326,2
327,2
328,0
329,2
330,2
331,0
322,7
323,2
324,6
325,2
326,2
327,2
328,0
329,2
330,2
331,0
322,7
323,2
324,6
325,2
326,2
327,2
328,0
329,2
330,2
331,0
322,7
323,2
324,6
325,2
326,2
327,2
328,0
329,2
330,2
331,0
361,10
362,0
363,0
364,10
365,0
366,2
367,0
368,0
369,0
370,4
371,8
372,0
373,1
374,4
375,5
376,0
377,0
378,0
361,10
362,0
363,0
364,10
365,0
366,2
367,0
368,0
369,0
370,4
371,8
372,0
373,1
374,4
375,5
376,0
377,0
378,0
361,10
362,0
363,0
364,10
365,0
366,2
367,0
368,0
369,0
370,4
371,8
372,0
373,1
374,4
375,5
376,0
377,0
378,0
361,10
362,0
363,0
364,10
365,0
366,2
367,0
368,0
369,0
370,4
371,8
372,0
373,1
374,4
375,5
376,0
377,0
378,0
361,10
362,0
363,0
364,10
365,0
366,2
367,0
368,0
369,0
370,4
371,8
372,0
373,1
374,4
375,5
376,0
377,0
378,0
361,10
362,0
363,0
364,10
365,0
366,2
367,0
368,0
369,0
370,4
371,8
372,0
373,1
374,4
375,5
376,0
377,0
378,0
361,10
362,0
363,0
364,10
365,0
366,2
367,0
368,0
369,0
370,4
371,8
372,0
373,1
374,4
375,5
376,0
377,0
378,0
361,10
362,0
363,0
364,10
365,0
366,2
367,0
368,0
369,0
370,4
371,8
372,0
373,1
374,4
375,5
376,0
377,0
378,0
361,10
362,0
363,0
364,10
365,0
366,2
367,0
368,0
369,0
370,4
371,8
372,0
373,1
374,4
375,5
376,0
377,0
378,0
361,10
362,0
363,0
364,10
365,0
366,2
367,0
368,0
369,0
370,4
371,8
372,0
373,1
374,4
375,5
376,0
377,0
378,0
361,10
362,0
363,0
364,10
365,0
366,2
367,0
368,0
369,0
370,4
371,8
372,0
373,1
374,4
375,5
376,0
377,0
378,0
361,10
362,0
363,0
364,10
365,0
366,2
367,0
368,0
369,0
370,4
371,8
372,0
373,1
374,4
375,5
376,0
377,0
378,0
361,10
362,0
363,0
364,10
365,0
366,2
367,0
368,0
369,0
370,4
371,8
372,0
373,1
374,4
375,5
376,0
377,0
378,0
361,10
362,0
363,0
364,10
365,0
366,2
367,0
368,0
369,0
370,4
371,8
372,0
373,1
374,4
375,5
376,0
377,0
378,0
361,10
362,0
363,0
364,10
365,0
366,2
367,0
368,0
369,0
370,4
371,8
372,0
373,1
374,4
375,5
376,0
377,0
378,0
361,10
362,0
363,0
364,10
365,0
366,2
367,0
368,0
369,0
370,4
371,8
372,0
373,1
374,4
375,5
376,0
377,0
378,0
361,10
362,0
363,0
364,10
365,0
366,2
367,0
368,0
369,0
370,4
371,8
372,0
373,1
374,4
375,5
376,0
377,0
378,0
361,10
362,0
363,0
364,10
365,0
366,2
367,0
368,0
369,0
370,4
371,8
372,0
373,1
374,4
375,5
376,0
377,0
378,0
361,10
362,0
363,0
364,10
365,0
366,2
367,0
368,0
369,0
370,4
371,8
372,0
373,1
374,4
375,5
376,0
377,0
378,0
341,2
342,6
343,2
344,2
345,2
347,0
348,2
349,0
350,2
351,3
352,2
353,0
354,0
355,4
356,5
357,2
358,0
359,2
360,5
341,2
342,6
343,2
344,2
345,2
347,0
348,2
349,0
350,2
351,3
352,2
353,0
354,0
355,4
356,5
357,2
358,0
359,2
360,5
341,2
342,6
343,2
344,2
345,2
347,0
348,2
349,0
350,2
351,3
352,2
353,0
354,0
355,4
356,5
357,2
358,0
359,2
360,5
341,2
342,6
343,2
344,2
345,2
347,0
348,2
349,0
350,2
351,3
352,2
353,0
354,0
355,4
356,5
357,2
358,0
359,2
360,5
341,2
342,6
343,2
344,2
345,2
347,0
348,2
349,0
350,2
351,3
352,2
353,0
354,0
355,4
356,5
357,2
358,0
359,2
360,5
341,2
342,6
343,2
344,2
345,2
347,0
348,2
349,0
350,2
351,3
352,2
353,0
354,0
355,4
356,5
357,2
358,0
359,2
360,5
341,2
342,6
343,2
344,2
345,2
347,0
348,2
349,0
350,2
351,3
352,2
353,0
354,0
355,4
356,5
357,2
358,0
359,2
360,5
341,2
342,6
343,2
344,2
345,2
347,0
348,2
349,0
350,2
351,3
352,2
353,0
354,0
355,4
356,5
357,2
358,0
359,2
360,5
341,2
342,6
343,2
344,2
345,2
347,0
348,2
349,0
350,2
351,3
352,2
353,0
354,0
355,4
356,5
357,2
358,0
359,2
360,5
341,2
342,6
343,2
344,2
345,2
347,0
348,2
349,0
350,2
351,3
352,2
353,0
354,0
355,4
356,5
357,2
358,0
359,2
360,5
341,2
342,6
343,2
344,2
345,2
347,0
348,2
349,0
350,2
351,3
352,2
353,0
354,0
355,4
356,5
357,2
358,0
359,2
360,5
341,2
342,6
343,2
344,2
345,2
347,0
348,2
349,0
350,2
351,3
352,2
353,0
354,0
355,4
356,5
357,2
358,0
359,2
360,5
341,2
342,6
343,2
344,2
345,2
347,0
348,2
349,0
350,2
351,3
352,2
353,0
354,0
355,4
356,5
357,2
358,0
359,2
360,5
341,2
342,6
343,2
344,2
345,2
347,0
348,2
349,0
350,2
351,3
352,2
353,0
354,0
355,4
356,5
357,2
358,0
359,2
360,5
341,2
342,6
343,2
344,2
345,2
347,0
348,2
349,0
350,2
351,3
352,2
353,0
354,0
355,4
356,5
357,2
358,0
359,2
360,5
341,2
342,6
343,2
344,2
345,2
347,0
348,2
349,0
350,2
351,3
352,2
353,0
354,0
355,4
356,5
357,2
358,0
359,2
360,5
341,2
342,6
343,2
344,2
345,2
347,0
348,2
349,0
350,2
351,3
352,2
353,0
354,0
355,4
356,5
357,2
358,0
359,2
360,5
341,2
342,6
343,2
344,2
345,2
347,0
348,2
349,0
350,2
351,3
352,2
353,0
354,0
355,4
356,5
357,2
358,0
359,2
360,5
397,0
398,8
399,0
400,1
401,6
402,0
403,5
404,0
405,5
406,2
407,0
408,0
409,0
410,0
411,0
412,1
413,3
415,3
397,0
398,8
399,0
400,1
401,6
402,0
403,5
404,0
405,5
406,2
407,0
408,0
409,0
410,0
411,0
412,1
413,3
415,3
397,0
398,8
399,0
400,1
401,6
402,0
403,5
404,0
405,5
406,2
407,0
408,0
409,0
410,0
411,0
412,1
413,3
415,3
397,0
398,8
399,0
400,1
401,6
402,0
403,5
404,0
405,5
406,2
407,0
408,0
409,0
410,0
411,0
412,1
413,3
415,3
397,0
398,8
399,0
400,1
401,6
402,0
403,5
404,0
405,5
406,2
407,0
408,0
409,0
410,0
411,0
412,1
413,3
415,3
397,0
398,8
399,0
400,1
401,6
402,0
403,5
404,0
405,5
406,2
407,0
408,0
409,0
410,0
411,0
412,1
413,3
415,3
397,0
398,8
399,0
400,1
401,6
402,0
403,5
404,0
405,5
406,2
407,0
408,0
409,0
410,0
411,0
412,1
413,3
415,3
397,0
398,8
399,0
400,1
401,6
402,0
403,5
404,0
405,5
406,2
407,0
408,0
409,0
410,0
411,0
412,1
413,3
415,3
397,0
398,8
399,0
400,1
401,6
402,0
403,5
404,0
405,5
406,2
407,0
408,0
409,0
410,0
411,0
412,1
413,3
415,3
397,0
398,8
399,0
400,1
401,6
402,0
403,5
404,0
405,5
406,2
407,0
408,0
409,0
410,0
411,0
412,1
413,3
415,3
397,0
398,8
399,0
400,1
401,6
402,0
403,5
404,0
405,5
406,2
407,0
408,0
409,0
410,0
411,0
412,1
413,3
415,3
397,0
398,8
399,0
400,1
401,6
402,0
403,5
404,0
405,5
406,2
407,0
408,0
409,0
410,0
411,0
412,1
413,3
415,3
397,0
398,8
399,0
400,1
401,6
402,0
403,5
404,0
405,5
406,2
407,0
408,0
409,0
410,0
411,0
412,1
413,3
415,3
397,0
398,8
399,0
400,1
401,6
402,0
403,5
404,0
405,5
406,2
407,0
408,0
409,0
410,0
411,0
412,1
413,3
415,3
397,0
398,8
399,0
400,1
401,6
402,0
403,5
404,0
405,5
406,2
407,0
408,0
409,0
410,0
411,0
412,1
413,3
415,3
397,0
398,8
399,0
400,1
401,6
402,0
403,5
404,0
405,5
406,2
407,0
408,0
409,0
410,0
411,0
412,1
413,3
415,3
397,0
398,8
399,0
400,1
401,6
402,0
403,5
404,0
405,5
406,2
407,0
408,0
409,0
410,0
411,0
412,1
413,3
415,3
397,0
398,8
399,0
400,1
401,6
402,0
403,5
404,0
405,5
406,2
407,0
408,0
409,0
410,0
411,0
412,1
413,3
415,3
379,2
380,2
381,0
382,10
383,0
384,2
385,0
386,3
387,2
388,0
389,5
390,2
391,6
392,0
393,2
394,2
395,2
396,2
379,2
380,2
381,0
382,10
383,0
384,2
385,0
386,3
387,2
388,0
389,5
390,2
391,6
392,0
393,2
394,2
395,2
396,2
379,2
380,2
381,0
382,10
383,0
384,2
385,0
386,3
387,2
388,0
389,5
390,2
391,6
392,0
393,2
394,2
395,2
396,2
379,2
380,2
381,0
382,10
383,0
384,2
385,0
386,3
387,2
388,0
389,5
390,2
391,6
392,0
393,2
394,2
395,2
396,2
379,2
380,2
381,0
382,10
383,0
384,2
385,0
386,3
387,2
388,0
389,5
390,2
391,6
392,0
393,2
394,2
395,2
396,2
379,2
380,2
381,0
382,10
383,0
384,2
385,0
386,3
387,2
388,0
389,5
390,2
391,6
392,0
393,2
394,2
395,2
396,2
379,2
380,2
381,0
382,10
383,0
384,2
385,0
386,3
387,2
388,0
389,5
390,2
391,6
392,0
393,2
394,2
395,2
396,2
379,2
380,2
381,0
382,10
383,0
384,2
385,0
386,3
387,2
388,0
389,5
390,2
391,6
392,0
393,2
394,2
395,2
396,2
379,2
380,2
381,0
382,10
383,0
384,2
385,0
386,3
387,2
388,0
389,5
390,2
391,6
392,0
393,2
394,2
395,2
396,2
379,2
380,2
381,0
382,10
383,0
384,2
385,0
386,3
387,2
388,0
389,5
390,2
391,6
392,0
393,2
394,2
395,2
396,2
379,2
380,2
381,0
382,10
383,0
384,2
385,0
386,3
387,2
388,0
389,5
390,2
391,6
392,0
393,2
394,2
395,2
396,2
379,2
380,2
381,0
382,10
383,0
384,2
385,0
386,3
387,2
388,0
389,5
390,2
391,6
392,0
393,2
394,2
395,2
396,2
379,2
380,2
381,0
382,10
383,0
384,2
385,0
386,3
387,2
388,0
389,5
390,2
391,6
392,0
393,2
394,2
395,2
396,2
379,2
380,2
381,0
382,10
383,0
384,2
385,0
386,3
387,2
388,0
389,5
390,2
391,6
392,0
393,2
394,2
395,2
396,2
379,2
380,2
381,0
382,10
383,0
384,2
385,0
386,3
387,2
388,0
389,5
390,2
391,6
392,0
393,2
394,2
395,2
396,2
379,2
380,2
381,0
382,10
383,0
384,2
385,0
386,3
387,2
388,0
389,5
390,2
391,6
392,0
393,2
394,2
395,2
396,2
379,2
380,2
381,0
382,10
383,0
384,2
385,0
386,3
387,2
388,0
389,5
390,2
391,6
392,0
393,2
394,2
395,2
396,2
379,2
380,2
381,0
382,10
383,0
384,2
385,0
386,3
387,2
388,0
389,5
390,2
391,6
392,0
393,2
394,2
395,2
396,2
422,5
423,10
424,2
425,2
426,3
427,2
428,4
429,4
422,5
423,10
424,2
425,2
426,3
427,2
428,4
429,4
422,5
423,10
424,2
425,2
426,3
427,2
428,4
429,4
422,5
423,10
424,2
425,2
426,3
427,2
428,4
429,4
422,5
423,10
424,2
425,2
426,3
427,2
428,4
429,4
417,2
418,2
419,7
420,3
421,3
417,2
418,2
419,7
420,3
421,3
417,2
418,2
419,7
420,3
421,3
417,2
418,2
419,7
420,3
421,3
417,2
418,2
419,7
420,3
421,3
417,2
418,2
419,7
420,3
421,3
417,2
418,2
419,7
420,3
421,3
417,2
418,2
419,7
420,3
421,3
440,6
441,6
442,8
443,5
444,8
445,6
446,10
447,7
448,0
449,8
450,4
451,7
452,10
453,10
440,6
441,6
442,8
443,5
444,8
445,6
446,10
447,7
448,0
449,8
450,4
451,7
452,10
453,10
440,6
441,6
442,8
443,5
444,8
445,6
446,10
447,7
448,0
449,8
450,4
451,7
452,10
453,10
440,6
441,6
442,8
443,5
444,8
445,6
446,10
447,7
448,0
449,8
450,4
451,7
452,10
453,10
440,6
441,6
442,8
443,5
444,8
445,6
446,10
447,7
448,0
449,8
450,4
451,7
452,10
453,10
440,6
441,6
442,8
443,5
444,8
445,6
446,10
447,7
448,0
449,8
450,4
451,7
452,10
453,10
440,6
441,6
442,8
443,5
444,8
445,6
446,10
447,7
448,0
449,8
450,4
451,7
452,10
453,10
440,6
441,6
442,8
443,5
444,8
445,6
446,10
447,7
448,0
449,8
450,4
451,7
452,10
453,10
440,6
441,6
442,8
443,5
444,8
445,6
446,10
447,7
448,0
449,8
450,4
451,7
452,10
453,10
440,6
441,6
442,8
443,5
444,8
445,6
446,10
447,7
448,0
449,8
450,4
451,7
452,10
453,10
430,2
431,2
432,2
433,0
434,0
435,0
436,0
437,2
438,2
439,3
430,2
431,2
432,2
433,0
434,0
435,0
436,0
437,2
438,2
439,3
430,2
431,2
432,2
433,0
434,0
435,0
436,0
437,2
438,2
439,3
430,2
431,2
432,2
433,0
434,0
435,0
436,0
437,2
438,2
439,3
430,2
431,2
432,2
433,0
434,0
435,0
436,0
437,2
438,2
439,3
430,2
431,2
432,2
433,0
434,0
435,0
436,0
437,2
438,2
439,3
430,2
431,2
432,2
433,0
434,0
435,0
436,0
437,2
438,2
439,3
430,2
431,2
432,2
433,0
434,0
435,0
436,0
437,2
438,2
439,3
430,2
431,2
432,2
433,0
434,0
435,0
436,0
437,2
438,2
439,3
430,2
431,2
432,2
433,0
434,0
435,0
436,0
437,2
438,2
439,3
430,2
431,2
432,2
433,0
434,0
435,0
436,0
437,2
438,2
439,3
430,2
431,2
432,2
433,0
434,0
435,0
436,0
437,2
438,2
439,3
430,2
431,2
432,2
433,0
434,0
435,0
436,0
437,2
438,2
439,3
430,2
431,2
432,2
433,0
434,0
435,0
436,0
437,2
438,2
439,3
460,0
461,6
462,5
463,2
464,2
465,2
460,0
461,6
462,5
463,2
464,2
465,2
460,0
461,6
462,5
463,2
464,2
465,2
460,0
461,6
462,5
463,2
464,2
465,2
460,0
461,6
462,5
463,2
464,2
465,2
460,0
461,6
462,5
463,2
464,2
465,2
454,2
455,2
456,5
457,9
458,6
459,0
454,2
455,2
456,5
457,9
458,6
459,0
454,2
455,2
456,5
457,9
458,6
459,0
454,2
455,2
456,5
457,9
458,6
459,0
454,2
455,2
456,5
457,9
458,6
459,0
454,2
455,2
456,5
457,9
458,6
459,0
481,0
482,0
483,6
484,2
485,2
486,2
487,5
488,2
489,0
490,10
491,6
492,6
493,0
494,0
495,2
481,0
482,0
483,6
484,2
485,2
486,2
487,5
488,2
489,0
490,10
491,6
492,6
493,0
494,0
495,2
481,0
482,0
483,6
484,2
485,2
486,2
487,5
488,2
489,0
490,10
491,6
492,6
493,0
494,0
495,2
481,0
482,0
483,6
484,2
485,2
486,2
487,5
488,2
489,0
490,10
491,6
492,6
493,0
494,0
495,2
481,0
482,0
483,6
484,2
485,2
486,2
487,5
488,2
489,0
490,10
491,6
492,6
493,0
494,0
495,2
481,0
482,0
483,6
484,2
485,2
486,2
487,5
488,2
489,0
490,10
491,6
492,6
493,0
494,0
495,2
481,0
482,0
483,6
484,2
485,2
486,2
487,5
488,2
489,0
490,10
491,6
492,6
493,0
494,0
495,2
481,0
482,0
483,6
484,2
485,2
486,2
487,5
488,2
489,0
490,10
491,6
492,6
493,0
494,0
495,2
481,0
482,0
483,6
484,2
485,2
486,2
487,5
488,2
489,0
490,10
491,6
492,6
493,0
494,0
495,2
481,0
482,0
483,6
484,2
485,2
486,2
487,5
488,2
489,0
490,10
491,6
492,6
493,0
494,0
495,2
481,0
482,0
483,6
484,2
485,2
486,2
487,5
488,2
489,0
490,10
491,6
492,6
493,0
494,0
495,2
481,0
482,0
483,6
484,2
485,2
486,2
487,5
488,2
489,0
490,10
491,6
492,6
493,0
494,0
495,2
481,0
482,0
483,6
484,2
485,2
486,2
487,5
488,2
489,0
490,10
491,6
492,6
493,0
494,0
495,2
481,0
482,0
483,6
484,2
485,2
486,2
487,5
488,2
489,0
490,10
491,6
492,6
493,0
494,0
495,2
481,0
482,0
483,6
484,2
485,2
486,2
487,5
488,2
489,0
490,10
491,6
492,6
493,0
494,0
495,2
466,2
467,2
468,2
469,0
470,2
471,2
472,2
473,2
474,0
475,3
476,2
477,2
478,0
479,2
480,2
466,2
467,2
468,2
469,0
470,2
471,2
472,2
473,2
474,0
475,3
476,2
477,2
478,0
479,2
480,2
466,2
467,2
468,2
469,0
470,2
471,2
472,2
473,2
474,0
475,3
476,2
477,2
478,0
479,2
480,2
466,2
467,2
468,2
469,0
470,2
471,2
472,2
473,2
474,0
475,3
476,2
477,2
478,0
479,2
480,2
466,2
467,2
468,2
469,0
470,2
471,2
472,2
473,2
474,0
475,3
476,2
477,2
478,0
479,2
480,2
466,2
467,2
468,2
469,0
470,2
471,2
472,2
473,2
474,0
475,3
476,2
477,2
478,0
479,2
480,2
466,2
467,2
468,2
469,0
470,2
471,2
472,2
473,2
474,0
475,3
476,2
477,2
478,0
479,2
480,2
466,2
467,2
468,2
469,0
470,2
471,2
472,2
473,2
474,0
475,3
476,2
477,2
478,0
479,2
480,2
466,2
467,2
468,2
469,0
470,2
471,2
472,2
473,2
474,0
475,3
476,2
477,2
478,0
479,2
480,2
466,2
467,2
468,2
469,0
470,2
471,2
472,2
473,2
474,0
475,3
476,2
477,2
478,0
479,2
480,2
466,2
467,2
468,2
469,0
470,2
471,2
472,2
473,2
474,0
475,3
476,2
477,2
478,0
479,2
480,2
466,2
467,2
468,2
469,0
470,2
471,2
472,2
473,2
474,0
475,3
476,2
477,2
478,0
479,2
480,2
466,2
467,2
468,2
469,0
470,2
471,2
472,2
473,2
474,0
475,3
476,2
477,2
478,0
479,2
480,2
466,2
467,2
468,2
469,0
470,2
471,2
472,2
473,2
474,0
475,3
476,2
477,2
478,0
479,2
480,2
466,2
467,2
468,2
469,0
470,2
471,2
472,2
473,2
474,0
475,3
476,2
477,2
478,0
479,2
480,2
502,6
503,10
504,6
505,2
506,2
507,2
508,2
502,6
503,10
504,6
505,2
506,2
507,2
508,2
502,6
503,10
504,6
505,2
506,2
507,2
508,2
502,6
503,10
504,6
505,2
506,2
507,2
508,2
502,6
503,10
504,6
505,2
506,2
507,2
508,2
502,6
503,10
504,6
505,2
506,2
507,2
508,2
496,5
497,2
498,2
499,0
500,3
501,6
496,5
497,2
498,2
499,0
500,3
501,6
496,5
497,2
498,2
499,0
500,3
501,6
496,5
497,2
498,2
499,0
500,3
501,6
496,5
497,2
498,2
499,0
500,3
501,6
496,5
497,2
498,2
499,0
500,3
501,6
496,5
497,2
498,2
499,0
500,3
501,6
531,2
532,0
533,10
534,10
535,0
536,0
537,0
538,8
539,0
540,0
541,5
542,0
543,2
544,2
545,0
546,6
547,0
548,6
549,0
550,6
551,6
552,1
531,2
532,0
533,10
534,10
535,0
536,0
537,0
538,8
539,0
540,0
541,5
542,0
543,2
544,2
545,0
546,6
547,0
548,6
549,0
550,6
551,6
552,1
531,2
532,0
533,10
534,10
535,0
536,0
537,0
538,8
539,0
540,0
541,5
542,0
543,2
544,2
545,0
546,6
547,0
548,6
549,0
550,6
551,6
552,1
531,2
532,0
533,10
534,10
535,0
536,0
537,0
538,8
539,0
540,0
541,5
542,0
543,2
544,2
545,0
546,6
547,0
548,6
549,0
550,6
551,6
552,1
531,2
532,0
533,10
534,10
535,0
536,0
537,0
538,8
539,0
540,0
541,5
542,0
543,2
544,2
545,0
546,6
547,0
548,6
549,0
550,6
551,6
552,1
531,2
532,0
533,10
534,10
535,0
536,0
537,0
538,8
539,0
540,0
541,5
542,0
543,2
544,2
545,0
546,6
547,0
548,6
549,0
550,6
551,6
552,1
531,2
532,0
533,10
534,10
535,0
536,0
537,0
538,8
539,0
540,0
541,5
542,0
543,2
544,2
545,0
546,6
547,0
548,6
549,0
550,6
551,6
552,1
531,2
532,0
533,10
534,10
535,0
536,0
537,0
538,8
539,0
540,0
541,5
542,0
543,2
544,2
545,0
546,6
547,0
548,6
549,0
550,6
551,6
552,1
531,2
532,0
533,10
534,10
535,0
536,0
537,0
538,8
539,0
540,0
541,5
542,0
543,2
544,2
545,0
546,6
547,0
548,6
549,0
550,6
551,6
552,1
531,2
532,0
533,10
534,10
535,0
536,0
537,0
538,8
539,0
540,0
541,5
542,0
543,2
544,2
545,0
546,6
547,0
548,6
549,0
550,6
551,6
552,1
531,2
532,0
533,10
534,10
535,0
536,0
537,0
538,8
539,0
540,0
541,5
542,0
543,2
544,2
545,0
546,6
547,0
548,6
549,0
550,6
551,6
552,1
531,2
532,0
533,10
534,10
535,0
536,0
537,0
538,8
539,0
540,0
541,5
542,0
543,2
544,2
545,0
546,6
547,0
548,6
549,0
550,6
551,6
552,1
531,2
532,0
533,10
534,10
535,0
536,0
537,0
538,8
539,0
540,0
541,5
542,0
543,2
544,2
545,0
546,6
547,0
548,6
549,0
550,6
551,6
552,1
531,2
532,0
533,10
534,10
535,0
536,0
537,0
538,8
539,0
540,0
541,5
542,0
543,2
544,2
545,0
546,6
547,0
548,6
549,0
550,6
551,6
552,1
531,2
532,0
533,10
534,10
535,0
536,0
537,0
538,8
539,0
540,0
541,5
542,0
543,2
544,2
545,0
546,6
547,0
548,6
549,0
550,6
551,6
552,1
531,2
532,0
533,10
534,10
535,0
536,0
537,0
538,8
539,0
540,0
541,5
542,0
543,2
544,2
545,0
546,6
547,0
548,6
549,0
550,6
551,6
552,1
531,2
532,0
533,10
534,10
535,0
536,0
537,0
538,8
539,0
540,0
541,5
542,0
543,2
544,2
545,0
546,6
547,0
548,6
549,0
550,6
551,6
552,1
531,2
532,0
533,10
534,10
535,0
536,0
537,0
538,8
539,0
540,0
541,5
542,0
543,2
544,2
545,0
546,6
547,0
548,6
549,0
550,6
551,6
552,1
531,2
532,0
533,10
534,10
535,0
536,0
537,0
538,8
539,0
540,0
541,5
542,0
543,2
544,2
545,0
546,6
547,0
548,6
549,0
550,6
551,6
552,1
531,2
532,0
533,10
534,10
535,0
536,0
537,0
538,8
539,0
540,0
541,5
542,0
543,2
544,2
545,0
546,6
547,0
548,6
549,0
550,6
551,6
552,1
531,2
532,0
533,10
534,10
535,0
536,0
537,0
538,8
539,0
540,0
541,5
542,0
543,2
544,2
545,0
546,6
547,0
548,6
549,0
550,6
551,6
552,1
509,3
510,10
511,0
513,0
514,0
515,2
516,4
517,2
518,0
519,6
520,0
521,2
522,2
523,2
524,2
525,3
526,3
527,4
528,6
529,2
530,5
509,3
510,10
511,0
513,0
514,0
515,2
516,4
517,2
518,0
519,6
520,0
521,2
522,2
523,2
524,2
525,3
526,3
527,4
528,6
529,2
530,5
509,3
510,10
511,0
513,0
514,0
515,2
516,4
517,2
518,0
519,6
520,0
521,2
522,2
523,2
524,2
525,3
526,3
527,4
528,6
529,2
530,5
509,3
510,10
511,0
513,0
514,0
515,2
516,4
517,2
518,0
519,6
520,0
521,2
522,2
523,2
524,2
525,3
526,3
527,4
528,6
529,2
530,5
509,3
510,10
511,0
513,0
514,0
515,2
516,4
517,2
518,0
519,6
520,0
521,2
522,2
523,2
524,2
525,3
526,3
527,4
528,6
529,2
530,5
509,3
510,10
511,0
513,0
514,0
515,2
516,4
517,2
518,0
519,6
520,0
521,2
522,2
523,2
524,2
525,3
526,3
527,4
528,6
529,2
530,5
509,3
510,10
511,0
513,0
514,0
515,2
516,4
517,2
518,0
519,6
520,0
521,2
522,2
523,2
524,2
525,3
526,3
527,4
528,6
529,2
530,5
509,3
510,10
511,0
513,0
514,0
515,2
516,4
517,2
518,0
519,6
520,0
521,2
522,2
523,2
524,2
525,3
526,3
527,4
528,6
529,2
530,5
509,3
510,10
511,0
513,0
514,0
515,2
516,4
517,2
518,0
519,6
520,0
521,2
522,2
523,2
524,2
525,3
526,3
527,4
528,6
529,2
530,5
509,3
510,10
511,0
513,0
514,0
515,2
516,4
517,2
518,0
519,6
520,0
521,2
522,2
523,2
524,2
525,3
526,3
527,4
528,6
529,2
530,5
509,3
510,10
511,0
513,0
514,0
515,2
516,4
517,2
518,0
519,6
520,0
521,2
522,2
523,2
524,2
525,3
526,3
527,4
528,6
529,2
530,5
509,3
510,10
511,0
513,0
514,0
515,2
516,4
517,2
518,0
519,6
520,0
521,2
522,2
523,2
524,2
525,3
526,3
527,4
528,6
529,2
530,5
509,3
510,10
511,0
513,0
514,0
515,2
516,4
517,2
518,0
519,6
520,0
521,2
522,2
523,2
524,2
525,3
526,3
527,4
528,6
529,2
530,5
509,3
510,10
511,0
513,0
514,0
515,2
516,4
517,2
518,0
519,6
520,0
521,2
522,2
523,2
524,2
525,3
526,3
527,4
528,6
529,2
530,5
509,3
510,10
511,0
513,0
514,0
515,2
516,4
517,2
518,0
519,6
520,0
521,2
522,2
523,2
524,2
525,3
526,3
527,4
528,6
529,2
530,5
509,3
510,10
511,0
513,0
514,0
515,2
516,4
517,2
518,0
519,6
520,0
521,2
522,2
523,2
524,2
525,3
526,3
527,4
528,6
529,2
530,5
509,3
510,10
511,0
513,0
514,0
515,2
516,4
517,2
518,0
519,6
520,0
521,2
522,2
523,2
524,2
525,3
526,3
527,4
528,6
529,2
530,5
509,3
510,10
511,0
513,0
514,0
515,2
516,4
517,2
518,0
519,6
520,0
521,2
522,2
523,2
524,2
525,3
526,3
527,4
528,6
529,2
530,5
509,3
510,10
511,0
513,0
514,0
515,2
516,4
517,2
518,0
519,6
520,0
521,2
522,2
523,2
524,2
525,3
526,3
527,4
528,6
529,2
530,5
509,3
510,10
511,0
513,0
514,0
515,2
516,4
517,2
518,0
519,6
520,0
521,2
522,2
523,2
524,2
525,3
526,3
527,4
528,6
529,2
530,5
509,3
510,10
511,0
513,0
514,0
515,2
516,4
517,2
518,0
519,6
520,0
521,2
522,2
523,2
524,2
525,3
526,3
527,4
528,6
529,2
530,5
509,3
510,10
511,0
513,0
514,0
515,2
516,4
517,2
518,0
519,6
520,0
521,2
522,2
523,2
524,2
525,3
526,3
527,4
528,6
529,2
530,5
